track	n_cpg	pearson_r	pearson_pvalue	spearman_rho	spearman_pvalue
H3K27Ac	763969	-0.15226233271543757	0.0	-0.07018080601395509	0.0
H3K9me3	763969	-0.048205814058382916	0.0	-0.04909671823227155	0.0
